INSERT INTO country (id, name) VALUES 
(1, 'Myanmar'),
(2, 'Thailand'),
(3, 'Singapore'),
(4, 'Vietnam'),
(5, 'Malaysia'),
(6, 'Indonesia'),
(7, 'Philippines'),
(8, 'India'),
(9, 'Bangladesh'),
(10, 'Nepal');

INSERT INTO public.package
(price, total_credit, country_id, end_time, id, start_time, "name")
VALUES
(100, 9, 1, '2025-06-01 00:00:00', 1, '2025-05-01 00:00:00', 'Sure Package'),
(100, 9, 2, '2025-06-01 00:00:00', 2, '2025-05-01 00:00:00', 'Ok Package'),
(100, 9, 3, '2025-06-01 00:00:00', 3, '2025-05-01 00:00:00', 'SO Package'),
(100, 9, 1, '2025-06-01 00:00:00', 4, '2025-05-01 00:00:00', 'Hello Package'),
(100, 9, 4, '2025-06-01 00:00:00', 5, '2025-05-01 00:00:00', 'Generated Package');
(100, 9, 5, '2025-06-01 00:00:00', 9, '2025-05-01 00:00:00', 'Sure Package');
(100, 9, 6, '2025-06-01 00:00:00', 5, '2025-05-01 00:00:00', 'SG Package');
(100, 9, 7, '2025-06-01 00:00:00', 4, '2025-05-01 00:00:00', 'OK NAH KHA Package');

INSERT INTO class_for_book
(credit, end_time, limited_members, "name", start_time, country_id)
VALUES
(5, '2025-05-10 08:00:00', 2, 'Morning Yoga', '2025-05-10 07:00:00', 1),
(3, '2025-05-11 09:30:00', 5, 'Pilates Basics', '2025-05-11 08:30:00', 2),
(4, '2025-05-12 10:00:00', 10, 'Zumba Blast', '2025-05-12 09:00:00', 3),
(2, '2025-05-13 11:00:00', 12, 'Core Training', '2025-05-13 10:00:00', 4),
(6, '2025-05-14 18:00:00', 5, 'Evening Yoga', '2025-05-14 17:00:00', 5),
(3, '2025-05-15 16:30:00', 18, 'Stretch & Relax', '2025-05-15 15:30:00', 6),
(5, '2025-05-16 08:00:00', 20, 'Spin Class', '2025-05-16 07:00:00', 1),
(4, '2025-05-17 17:00:00', 22, 'Strength Circuit', '2025-05-17 16:00:00', 4),
(2, '2025-05-18 13:00:00', 16, 'HIIT Express', '2025-05-18 12:00:00', 5),
(3, '2025-05-19 14:00:00', 14, 'Dance Cardio', '2025-05-19 13:00:00', 1);